Temp,1/Temp,VU1,VU5,VU2,VU6,VU4,VU3,Ui1,Ui2,Ui3,Ui4,Ui5,Ui6
850,0.001176471,1.08E-08,3.26E-09,3.51E-13,3.54E-09,1.88E-12,6.37E-11,1.15E-09,2.01E-13,1.50E-11,1.50E-11,2.33E-13,7.77E-17
875,0.001142857,2.22E-08,5.70E-09,8.07E-13,5.94E-09,3.73E-12,1.26E-10,1.93E-09,4.38E-13,2.88E-11,2.88E-11,4.89E-13,2.01E-16
900,0.001111111,4.41E-08,9.65E-09,1.77E-12,9.68E-09,7.14E-12,2.41E-10,3.16E-09,9.11E-13,5.34E-11,5.34E-11,9.83E-13,4.94E-16
925,0.001081081,8.44E-08,1.59E-08,3.73E-12,1.54E-08,1.32E-11,4.44E-10,5.03E-09,1.82E-12,9.57E-11,9.57E-11,1.90E-12,1.16E-15
950,0.001052632,1.56E-07,2.55E-08,7.54E-12,2.38E-08,2.35E-11,7.91E-10,7.82E-09,3.52E-12,1.66E-10,1.66E-10,3.56E-12,2.58E-15
975,0.001025641,2.79E-07,3.99E-08,1.47E-11,3.60E-08,4.08E-11,1.37E-09,1.19E-08,6.57E-12,2.81E-10,2.81E-10,6.45E-12,5.55E-15
1000,0.001,4.86E-07,6.11E-08,2.77E-11,5.34E-08,6.89E-11,2.31E-09,1.77E-08,1.19E-11,4.63E-10,4.63E-10,1.13E-11,1.15E-14
1025,0.00097561,8.23E-07,9.17E-08,5.08E-11,7.77E-08,1.13E-10,3.79E-09,2.58E-08,2.09E-11,7.43E-10,7.43E-10,1.94E-11,2.29E-14
1050,0.000952381,1.36E-06,1.35E-07,9.02E-11,1.11E-07,1.82E-10,6.07E-09,3.70E-08,3.57E-11,1.17E-09,1.17E-09,3.23E-11,4.41E-14
1075,0.000930233,2.19E-06,1.95E-07,1.56E-10,1.56E-07,2.86E-10,9.53E-09,5.21E-08,5.96E-11,1.79E-09,1.79E-09,5.26E-11,8.25E-14
1100,0.000909091,3.46E-06,2.77E-07,2.64E-10,2.16E-07,4.41E-10,1.47E-08,7.23E-08,9.72E-11,2.71E-09,2.71E-09,8.38E-11,1.50E-13
1125,0.000888889,5.35E-06,3.87E-07,4.35E-10,2.95E-07,6.65E-10,2.21E-08,9.88E-08,1.55E-10,4.01E-09,4.01E-09,1.31E-10,2.66E-13
1150,0.000869565,8.13E-06,5.34E-07,7.02E-10,3.97E-07,9.87E-10,3.27E-08,1.33E-07,2.42E-10,5.83E-09,5.83E-09,2.00E-10,4.59E-13
1175,0.000851064,1.21E-05,7.26E-07,1.11E-09,5.27E-07,1.44E-09,4.77E-08,1.78E-07,3.72E-10,8.35E-09,8.35E-09,3.01E-10,7.75E-13