Temp,1/T,Vac. z,Vac. x-y,Int. x-y,Int. z,Adda,Adda gamma u,1/T beta,D beta,,,,
850,0.001176471,4.43E-17,8.21E-21,1.56E-19,2.15E-20,1.48E-14,2.04E-17,0.000972329,1.58E-15,,,,
875,0.001142857,8.25E-17,1.99E-20,3.51E-19,4.85E-20,2.36E-14,4.16E-17,0.000987396,1.10E-15,,,,
900,0.001111111,1.49E-16,4.59E-20,7.56E-19,1.05E-19,3.67E-14,8.15E-17,0.001001708,8.04E-16,,,,
925,0.001081081,2.59E-16,1.01E-19,1.56E-18,2.16E-19,5.56E-14,1.54E-16,0.001028063,4.95E-16,,,,
950,0.001052632,4.39E-16,2.14E-19,3.11E-18,4.29E-19,8.25E-14,2.81E-16,,,,,,
975,0.001025641,7.23E-16,4.35E-19,5.96E-18,8.24E-19,1.20E-13,4.98E-16,,,,,,
1000,0.001,1.16E-15,8.55E-19,1.11E-17,1.53E-18,1.71E-13,8.57E-16,,,,,,
1025,0.00097561,1.83E-15,1.62E-18,2.00E-17,2.76E-18,2.40E-13,1.44E-15,,,,,,
1050,0.000952381,2.81E-15,2.99E-18,3.50E-17,4.84E-18,3.31E-13,2.35E-15,,,,,,
1075,0.000930233,4.23E-15,5.36E-18,5.98E-17,8.26E-18,4.50E-13,3.76E-15,,,,,,
1100,0.000909091,6.25E-15,9.35E-18,9.96E-17,1.38E-17,6.04E-13,5.88E-15,,,,,,
1125,0.000888889,9.09E-15,1.59E-17,1.62E-16,2.24E-17,7.99E-13,9.02E-15,,,,,,
1150,0.000869565,1.30E-14,2.65E-17,2.59E-16,3.58E-17,1.04E-12,1.36E-14,,,,,,
1175,0.000851064,1.83E-14,4.31E-17,4.05E-16,5.59E-17,1.35E-12,2.01E-14,,,,,,