NaCl,T=1100K
0,1.437209412
0.15,1.438512259
0.24,1.432687754
0.41,1.46211723
1,1.540339268