T1,LiCl,KCl,T2,NaCl
1000,1.41762663,1.508167869,1100,1.540339268
1100,1.383909014,1.474533166,1250,1.487956213
1200,1.35025325,1.441329859,1400,1.432249198