KCl,NaCl,Density
25,41,1.46211723
32,24,1.432687754
36,15,1.438512259
50,50,1.489066603
0,28,1.422366964
41,0,1.437209412
0,0,1.383909014
100,0,1.474533166
0,100,1.487956213