T,Cp,+-Cp,Handbook
150,27.68,0.08,0,
250,29.55,0.15,26.651795
350,30.49,0.06,28.68002002
450,30.70,0.08,30.75748927
550,32.50,0.45,33.24312926
650,34.65,0.11,36.24380622
750,35.14,0.35,39.80038278