K Density,K VDW11,K VDW12,K revPBE-VDW11,K revPBE-VDW12,K optB88,K DF2,K SCAN vdW
1.803586559,9.7265,7.84964,13.18513,9.18221,5.80755,12.2089,
1.668376097,4.31893,2.80742,5.52738,3.11144,1.02282,5.10651,
1.546350026,-0.23308,-1.72965,0.27906,-0.57947,-2.00656,1.02892,
1.435939723,-2.88155,-3.18494,-1.9245,-3.05185,-2.85436,-1.5584,
1.335795293,-3.96412,-3.62249,-3.42116,-4.15479,-4.54301,-3.10274,